{
    "detection_boxes": [
        [
            0.5106476545333862,
            0.08590872585773468,
            0.9407633543014526,
            0.48718661069869995
        ],
        [
            0.5473151803016663,
            0.5154170989990234,
            0.6881312727928162,
            0.9163936376571655
        ],
        [
            0.698514997959137,
            0.5342784523963928,
            0.9399279952049255,
            0.9177274107933044
        ],
        [
            0.09256547689437866,
            0.14985358715057373,
            0.4473063349723816,
            0.849589467048645
        ]
    ],
    "detection_classes": [
        1,
        1,
        3,
        5
    ],
    "detection_scores": [
        0.9457449316978455,
        0.9442521333694458,
        0.8164478540420532,
        0.8154590129852295
    ]
}