{
    "detection_boxes": [
        [
            0.5222635865211487,
            0.09102292358875275,
            0.5387071967124939,
            0.1766626089811325
        ]
    ],
    "detection_classes": [
        2
    ],
    "detection_scores": [
        0.5654929280281067
    ]
}